{
    "items": [
        {
            "type": "text",
            "text": " master",  // Replace "YourUsername" with your actual username
            "foreground": "#FFFFFF"
        },
        {
            "type": "separator"
        },
        {
            "type": "action",
            "exec": "pkill -KILL -u $(whoami)",
            "text": "Log Out"
        },
        {
            "type": "action",
            "exec": "systemctl poweroff",
            "text": "Shutdown"
        },
        {
            "type": "action",
            "exec": "systemctl reboot",
            "text": "Reboot"
        }
    ]
}
